1.473938959892353573e+01,7.577702350828497302e+00
-5.130966273659506527e+00,8.806572848324242031e+00
-5.258190997081892970e-01,-3.813254214127487440e+00
1.508397089198774665e+01,8.722106983980966177e+00
-1.288658150044468975e+01,3.847956198992349641e+00
-5.358102285930867126e+00,7.885324485177924281e+00
-1.893659053100988698e+00,-3.549885975254416959e+00
-6.514254538049534915e+00,9.578788622215753890e+00
-8.262236414204757740e-01,-3.829087062691689969e+00
-3.282468142241421916e+00,-4.181616375272473540e+00
-1.330135747574301419e+01,3.585448424148542035e+00
-3.194284138343519430e+00,-4.787297242032773070e+00
-2.162177112435096582e+00,-4.700397183367929443e+00
-3.145840098100476379e+00,-5.610166887431283556e+00
-5.003446508661706815e+00,8.862281323630474716e+00
-5.179968389193342126e+00,8.998701350530883047e+00
-1.339842593969967766e+01,3.382981612272379923e+00
-1.382462737833351518e+01,3.544686333736693395e+00
-1.318341751211060142e+01,4.817326315585526153e+00
-1.584750742457595152e+01,-8.082780963315251199e+00
-1.458623028372010744e+01,-8.126972898948999102e+00
-6.867460951315766060e+00,7.712621518002062082e+00
-1.356013330913270742e+01,3.804623240497347680e+00
-1.575373419486091819e+01,-8.725118466592089561e+00
-1.334944890288895003e+01,4.335455623466515362e+00
-1.558263226978711025e+01,-8.247492301397770120e+00
-1.438177718290860163e+01,-8.447999357745318960e+00
-1.293169747895991506e+01,4.752189432773660904e+00
-1.384259391733758626e+01,4.216626449072093052e+00
-1.292757283943421065e+01,3.307294399885256198e+00
-2.373345753245724499e+00,-5.586937918112274915e+00
-6.008570132787736107e+00,7.853655056727606443e+00
-1.674754769909036511e+01,-8.913454374351191589e+00
1.526849840291425053e+01,8.506633447003572712e+00
-5.687307075924505462e+00,8.912138783727762359e+00
-1.653589588089470652e+01,-9.595977730710242071e+00
-2.316775272502050509e+00,-5.507056149822886937e+00
-2.199259410085163235e+00,-3.698386375489296274e+00
-2.692765129135545443e+00,-3.163429413719588190e+00
-1.610913247345855481e+01,-7.847597603650347864e+00
-1.376597963494842780e+01,4.579805597638283210e+00
-1.305071517868173281e+01,3.818167744550403864e+00
-1.358792007072949737e+01,4.029916250684984824e+00
-1.305401414614657263e+01,3.763492168820938844e+00
1.389581779242282877e+01,8.756790497663926587e+00
1.729559288308131570e+01,9.103169896084919444e+00
-1.369773144527457731e+01,4.474423242001675405e+00
1.572928527147932165e+01,8.624278977490801523e+00
-1.313587513734545986e+01,3.518847166352389255e+00
-1.247181858435331581e+00,-3.642646522148023536e+00
-5.171325833248732629e+00,9.100219044277583436e+00
-1.398673197420567504e+01,4.862518533598109371e+00
-1.466107615140523457e+01,-9.060455811043961916e+00
1.570696440734893251e+01,9.324111258224643706e+00
-1.349389498760214501e+01,3.551843571040842917e+00
-1.340902203001417092e+01,3.204844212026537242e+00
-5.288900506678088753e+00,7.089359570005822953e+00
1.618271901466674834e+01,8.429030321475968535e+00
1.805154617080236434e+01,8.638959652055783422e+00
-5.431961174326828790e+00,9.494037262767486496e+00
-1.437910515841143244e+01,-8.940327608766621026e+00
-4.864875170833602880e+00,8.793366837500251165e+00
-3.525352293640177770e+00,-4.272071103304759809e+00
-1.331054416526037265e+01,4.457275564869018325e+00
-1.361277884883233646e+01,4.597046428457392864e+00
1.545724831878011685e+01,8.436667707524435400e+00
-2.536594584836584065e+00,-4.586558214565908287e+00
1.471350276308033500e+01,7.417957990853154548e+00
-5.214846166991826237e+00,7.456771013832319994e+00
-1.496342040394453221e+01,-1.034728230553388606e+01
-5.997251137256511377e+00,8.009393534239109158e+00
1.507604232812316347e+01,8.648386194380044856e+00
-1.373549249288487673e+01,3.317470148885115933e+00
-3.798727603256457197e+00,-4.039912727956591176e+00
-5.912401506206956370e+00,9.706665473510524222e+00
-1.204382082868686510e+01,3.073946982939001593e+00
-1.504844058142777818e+01,-7.691559876960210929e+00
-1.373890032697803143e+01,4.308164479445898642e+00
-1.751242875172567537e+01,-7.232194493809019242e+00
-1.608009520267756187e+01,-9.180370880362676900e+00
-1.279382349592486179e+01,3.789755547694762416e+00
-5.822658065182658937e+00,8.142607155659764118e+00
-1.313473335435572054e+01,4.525962174585693276e+00
1.559629804536151276e+01,1.051779147400328718e+01
-1.347511952477742359e+00,-6.274471362102881145e+00
-2.977827353308811098e+00,-4.150106155131179086e+00
1.692411581608106275e+01,9.352221740588131382e+00
-6.870725059487743813e+00,9.067503546093648836e+00
-1.547064695129169998e+01,-6.496992950111272869e+00
-1.183409428886222914e+00,-5.782921717826483565e+00
-1.342277778558575818e+01,4.975904266752561256e+00
-1.762361984940234994e+00,-4.123229480252227575e+00
1.539738970927552764e+01,1.047617463467042498e+01
-1.619691382822646020e+01,-9.375137965773230775e+00
-1.423884299515129648e+01,3.907737966088811188e+00
-1.438837442872224415e+01,3.758003995470827974e+00
-4.983375622103872971e+00,9.091179668433801098e+00
-1.391104386622570566e+01,-8.901345412693810744e+00
-1.595254865407669520e+01,-1.084737416132763421e+01
-4.892274175739014908e+00,7.264397277357712568e+00
-2.001991705695861601e+00,-4.472436118642677982e+00
-1.449179130443970109e+01,-9.024529427758480438e+00
1.520372209441550027e+01,9.782664264038487545e+00
1.572574445464084292e+01,7.882972345965492345e+00
-1.633610464701999376e+01,-9.531979424780098853e+00
-5.919821627895233362e+00,8.208209056646655455e+00
-1.473252138058068006e+01,-7.744948247973055366e+00
-1.963981773954427013e+01,-8.885674240732761575e+00
-1.441280154720666218e+01,-7.644597610765633711e+00
-1.061573671512265449e+00,-3.753247670025632310e+00
1.390370530449174780e+01,9.385313465213819484e+00
-5.882286106204215770e+00,8.808557247836274584e+00
-6.830285920903238051e+00,8.415347730215131605e+00
-5.531844813608517875e+00,9.590657587999794842e+00
-1.710070778772953304e+01,-6.776045876920548494e+00
1.582544539660681515e+01,1.009395293669870952e+01
1.563495176715639978e+01,8.905450818671162949e+00
-1.444581585226224796e+01,-8.354361250619499302e+00
-2.432278230929915352e+00,-5.543904881482166758e+00
-1.416408128710425629e+01,-9.798418105021898583e+00
-1.379095394152710652e+00,-3.221393862610666403e+00
-5.652245140212202479e+00,7.920249576313726614e+00
-5.659360850885890137e+00,8.556931999537232159e+00
-5.973942312598703452e+00,9.115550227962259555e+00
1.690695063563589429e+01,8.636717088895272454e+00
-7.181705871277141107e+00,8.182678354297779677e+00
-1.381461869708720158e+01,4.176899479193334486e+00
-1.362777672416613761e+01,4.517189725273018652e+00
-4.101591182479351616e+00,-3.989544913582920849e+00
1.570588737415848612e+01,1.007677731116235620e+01
-1.842417425640782813e+00,-3.789440000729003888e+00
-1.423080927457132105e+00,-5.754385303986253142e+00
-1.803045474292001238e+00,-5.660718787053246714e+00
-2.676486812951733185e+00,-4.801531821980749903e+00
-6.072211749275812309e+00,8.493569186157232664e+00
1.478778979868907228e+01,7.874476716090740069e+00
-2.274413641813941567e+00,-3.857140860506183877e+00
-1.272447228567022037e+01,3.971843071995607488e+00
-5.210669575885719773e+00,8.619384901330738202e+00
-1.504498692342587063e+01,-8.357991729049564000e+00
-1.684009728269982631e+01,-8.899870825404883945e+00
-1.651432195644214218e+01,-8.514273873423018557e+00
-4.078159931036507757e+00,-3.584384497227212307e+00
1.682766725805144148e+01,8.195705403301527525e+00
-6.794341932584875288e+00,7.815604252009117126e+00
-3.540906395343435875e+00,-4.034212955504561826e+00
1.657978235821177293e+01,9.938780779297150758e+00
-1.292816964804781854e+01,2.836615067552505920e+00
-5.669814120640237931e+00,8.063183519316812209e+00
1.564861119099097309e+01,9.011022511143563563e+00
1.413241942322346745e+01,7.388133728066399897e+00
-5.057616347712407645e+00,7.061425982007811797e+00
-2.697075160368111568e+00,-2.307446238914453218e+00
-1.607335869010843510e+01,-7.751470038798722761e+00
1.625694857212183919e+01,8.027117054288355646e+00
-1.481422003268544785e+01,-1.157199026767625405e+01
-1.453086236478575932e+00,-3.502256165351655959e+00
-1.375130057162575703e+01,3.595659232732491883e+00
-1.507820380783199354e+01,-9.627914481337237262e+00
1.499401848671148230e+01,7.695234982293120751e+00
1.440461910234133924e+01,6.514942162997376940e+00
-3.001854791469357409e+00,-4.386721276382595569e+00
1.523175909798997907e+01,9.014158880089384596e+00
1.553458318478466715e+01,8.803868505400709310e+00
-1.748742093954132670e+01,-8.742072461380331561e+00
-2.301198863943910933e+00,-5.871212186976378256e+00
-1.350727886783981013e+01,4.165045117019461784e+00
-1.335515973356603325e+01,3.794366079246222156e+00
-1.774790967236819839e+01,-8.902320149288604156e+00
1.439534361344416524e+01,8.846150838566749997e+00
-1.465401835607186598e+01,-1.049200312697783311e+01
-1.445630805567483179e+01,4.321387852085847747e+00
1.258895180608181796e+01,6.880634225087087330e+00
-1.832725473094013680e+01,-8.094891897661524283e+00
-2.396625707149903306e+00,-3.912784106304557419e+00
-2.571989054710827727e+00,-4.592416103455371434e+00
-1.329194261531445065e+01,3.995770417618530690e+00
-2.043385419137777159e+00,-4.903432320145558521e+00
-1.539640291194426780e+01,-7.625110199986918857e+00
-4.266291541668483234e+00,-5.891139182503430938e+00
-1.533424607730242784e+01,-9.816605638083379048e+00
-5.062053152761249564e+00,8.658886735740344065e+00
-1.454727203460446638e+01,-8.923347529872437178e+00
1.584788379821833182e+01,8.681505053949827300e+00
1.481007731398555904e+01,9.321441850374181826e+00
1.507328745702683825e+01,6.587076952024576215e+00
-5.715496368849080966e+00,7.042982591058064124e+00
1.433487111058483876e+01,1.030208112317049540e+01
-5.631909099798873442e+00,8.398190909329370513e+00
1.583800604895071729e+01,8.125030068825370932e+00
1.623509442347732090e+01,9.613576288194392916e+00
-1.357776100648278117e+01,3.839591641863667526e+00
-6.044998892684594338e-01,-4.301511349234973025e+00
-2.692204691293789143e+00,-5.132439000965965725e+00
1.647116579657967605e+01,9.318886536710545343e+00
-1.754421394287898295e+01,-7.638361546904063104e+00
-1.330271035951171577e+01,4.259915864306518252e+00
-1.266644750858536739e+01,4.844574458711161213e+00
-1.838769390135145843e+00,-4.202757908372479534e+00
-1.616106657095552634e+01,-9.550949015849777624e+00
1.507770489965957417e+01,8.741786238451048519e+00
-5.540960568959586219e+00,7.975124175406649307e+00
1.580582163501395954e+01,8.801541164139013773e+00
-1.374452117734519163e+01,3.428980337707062453e+00
-1.815343271793473434e+01,-9.049300524211426833e+00
-2.749659764353243219e+00,-5.504177983113891948e+00
-1.718221897149708255e+01,-7.334014356212927410e+00
-1.381078726032443171e+01,4.392570882739097904e+00
-6.117583554450921390e+00,8.424115005812586432e+00
-1.409035005647686134e+00,-4.063992329968998618e+00
-1.378620605164089419e+01,-1.103002932199188812e+01
-1.684215480795204201e+01,-9.735942559178495159e+00
1.476806933306218994e+01,8.632688042803215112e+00
1.658249047292775913e+01,9.013460352729994796e+00
1.490243514906675060e+01,8.834829346989630849e+00
-6.284256996471269119e+00,8.703611223614187153e+00
-1.245389408527136510e+01,-8.094738839066863534e+00
-1.379055376474785177e+01,3.798351714274351032e+00
1.450016383325383273e+01,1.015955779916650492e+01
-1.356701238280895616e+01,4.113815520297254835e+00
-6.299694737937564071e+00,8.273373479291613819e+00
-1.406210598387252553e+01,4.125072302915748779e+00
-1.360077215165815545e+01,4.113305342083866556e+00
-1.343319261842129642e+01,4.368423377563448895e+00
1.581899593173182161e+01,8.262573593889351642e+00
-1.581118089618045452e+01,-7.642609185481934908e+00
-1.324409907769756245e+01,3.854090771293344542e+00
-1.991630568700411663e+00,-5.956319146748087157e+00
-1.557421825007481608e+01,-8.364144036866505871e+00
-4.816422400307693863e+00,7.766091415052613023e+00
-6.378184804695760768e+00,7.627788816981792230e+00
-1.344457153192293575e+01,3.529992741720850091e+00
-1.351429234832407467e+01,-1.002654040457465712e+01
1.953691526023195735e-01,-5.566779307210119043e+00
1.477218848837826748e+01,7.682152771355491794e+00
1.545914952666585762e+01,8.509061178327698372e+00
-1.344143400665482346e+01,4.075629961087381403e+00
1.437207199874127994e+01,7.939467380342541070e+00
-1.309728850393845079e+01,4.453938091057915827e+00
-1.405226874468353060e+01,4.267240422274355183e+00
-2.456502178927285396e+00,-4.812573232201181384e+00
1.424710382599342395e+01,7.550968873914983170e+00
-1.738806569991010065e+01,-8.170253932339351266e+00
-5.336091141209753808e+00,9.329282429919764752e+00
-8.882869593431106381e-01,-4.803376698915202248e+00
-1.415253108741821286e+01,3.793735322542375332e+00
-1.383177800220227738e+01,3.857174837732234352e+00
-6.594098441206529770e+00,8.595264336633224644e+00
-1.605164041836332700e+01,-7.632688291337244912e+00
1.568261253704192093e+01,8.686069105920443789e+00
-5.528642109304391816e+00,9.466687514035468709e+00
-1.374192918432707344e+01,4.425277925935866996e+00
1.636538663782253877e+01,8.341565388283420646e+00
-5.566493191429290555e+00,7.905482969881070687e+00
1.581757342081332673e+01,1.086551350026753227e+01
-1.288508771665027020e+01,3.201692141949224357e+00
-6.166916396190146088e+00,7.726685445575911970e+00
-2.286314298178386828e-01,-3.684271014784645359e+00
-1.703371958546788889e+01,-8.202296486495752603e+00
-1.747326603511800869e+01,-7.710889514841182901e+00
-3.183379904198986754e+00,-4.786283178510314151e+00
-6.201311377097478150e+00,7.830859112875616646e+00
-1.355603212388711754e+01,3.500267930508210057e+00
1.484032738406925844e+01,9.694369493181657305e+00
1.458508334500996817e+01,5.426333505037799654e+00
-1.371792932337211290e+01,4.642879418134073788e+00
-1.595073471414234589e+01,-1.134933967898952112e+01
1.617730249255847852e+01,8.881621219078024154e+00
-5.044617016655602804e+00,8.481099450401721640e+00
-1.336200143722620526e+00,-4.978262502031296499e+00
1.627841233758025297e+01,8.505678124804861184e+00
-6.560748896178782097e+00,8.680195845163408919e+00
1.528414682290558524e+01,8.198680884275768577e+00
-5.997440182151200005e+00,8.567254383486446301e+00
-1.357468497434710031e+01,4.054676731516734023e+00
-1.300619564313861254e+01,3.800842502187498528e+00
-2.139863888815763282e+00,-5.071024180104095613e+00
-5.148717764891145521e+00,6.642567625074710769e+00
-1.359268202512836865e+01,4.623358749374266274e+00
1.309758199319935734e+01,1.038382649956057335e+01
-1.761767043647511244e+01,-1.018908155407915928e+01
-4.995828036626092761e+00,8.676769856500010647e+00
-4.284775523162595690e+00,8.499727194470583669e+00
1.244048375937535944e+01,8.604477267298632270e+00
-1.398980211347738312e+01,-8.049467190409785644e+00
-6.321448967218496584e+00,8.854869116418329966e+00
-1.363761299337480537e+01,4.876224419702607449e+00
-1.302434194272963985e+01,4.478625561469478988e+00
-5.615946312551591824e+00,8.981531243786776031e+00
-1.388643169019291257e+01,4.864771576055437308e+00
-1.519009199891690542e+01,-8.833188441261059509e+00
-1.320030798899717439e+01,4.798350840208030377e+00
-2.058063120891579167e+00,-6.620496529877488712e+00
-1.653666816825383279e+01,-6.242746116155066360e+00
-1.553536563662819336e+00,-6.740948466375898285e+00
-1.368339990978969922e+01,3.820007776887506701e+00
-1.399003927615996012e+01,-7.196183109441213865e+00
-1.743221110821418307e+01,-8.978673117651752023e+00
-1.447544015739103429e+01,-8.449655881883796127e+00
-5.666456290712351240e+00,7.984496895868166355e+00
-5.281268911258221621e+00,8.080094906507280683e+00
1.669971803544955691e+01,8.797649767009623645e+00
-1.564889581776141192e+01,-9.280536611005118175e+00
1.557755477274862344e+01,8.133890449731458361e+00
-6.212528457079229405e+00,8.998684796258990204e+00
-1.612475453550694127e+01,-7.760729445269637594e+00
-1.815455774162103353e+00,-5.261843809300090768e+00
-1.622871030180181506e+01,-9.686270292903243373e+00
-1.295720342984839490e+01,-8.306934592909119175e+00
-5.748136537375756028e+00,8.174209604709396615e+00
-5.128089232213968174e+00,7.876486469590833650e+00
1.421719702348334735e+01,8.866179641354049679e+00
-1.374412397316169177e+01,4.096583132206421674e+00
-1.974658173923671045e+00,-5.614855393478741519e+00
1.749599445642137852e+01,9.659319655967191665e+00
-6.560434095996195758e+00,8.485094487356727555e+00
1.575025631478195187e+01,8.977664620405461093e+00
-1.383230948403473093e+01,-8.673863371127501054e+00
-1.339844611022119736e+01,3.769519177867074688e+00
-6.549601418632184924e+00,7.162206390583006232e+00
-1.563549052235213033e+01,-9.250914253178040170e+00
-1.435324850793196738e+01,3.303501939307331270e+00
1.593870051878444016e+01,8.108850644759476367e+00
-2.132860158879071655e+00,-4.365508302249231143e+00
-1.614416844694654074e+01,-9.020004146902453002e+00
-1.589752935136327139e+01,-6.652854087774455749e+00
1.598974291142324233e+01,9.536277416490809955e+00
-5.226926428406462932e+00,6.685880086658798405e+00
-5.940209303795383811e+00,8.529874796369938394e+00
-4.943404498477081965e+00,8.037483992469235616e+00
-1.605017462843193909e+00,-7.078174706333737021e+00
-1.701953225787067225e+01,-9.124911152634169298e+00
-4.829372909130912106e+00,8.225793814925721037e+00
-5.278943336869102332e+00,7.725348050637608210e+00
1.688120247975637511e+01,9.387347575690650814e+00
-6.471823731456118445e+00,7.210785709522716580e+00
-1.356878854472313023e+01,3.156514600897597056e+00
-1.651951798575950292e+01,-9.659648121624496042e+00
-5.064885812686692468e+00,7.883786948548477724e+00
-1.383349098312821468e+01,3.539328972187105737e+00
-2.179536245129160665e+00,-5.190009756517413919e+00
-1.077537858789804348e+00,-4.306066605774324429e+00
-6.302263662071991845e+00,9.597466117176603362e+00
-1.666726751233748915e+00,-5.371862052980318936e+00
-5.525943048144050351e+00,9.731565795930210427e+00
-1.254952949923010586e+01,4.914400464127343326e+00
-6.611101289120453472e+00,8.831410323408157126e+00
1.690007362047636263e+01,9.379177139145966180e+00
-5.528428370089975452e+00,9.565062786221844249e+00
-5.645310606555364874e-01,-4.658527428691415118e+00
1.602832882945714488e+01,1.064240358510709683e+01
-1.255932969868221960e+01,3.936734921338612470e+00
-3.663876394959880933e+00,-3.832112216524274473e+00
-1.342241128797765271e+01,4.051093850932830698e+00
-1.583597965932651164e+01,-9.577636682113025657e+00
1.610274859515936896e+01,7.997356113184829418e+00
-1.974698919407936071e+00,-5.466359796761944168e+00
-4.490497589144328838e-01,-5.149204035435742455e+00
1.646803266987521752e+01,8.715767746931463833e+00
-1.264311036345014116e+01,4.364147123205085244e+00
-2.502982706325111106e+00,-5.512037177793521536e+00
-1.541737084411032654e+01,-8.021657480585783873e+00
-4.607940801713084511e+00,8.343033169872116517e+00
-1.739162174482004275e+01,-8.211046529367878932e+00
-2.721226825550518313e+00,-5.086028246101433226e+00
1.413798125626283309e+01,8.737363845189022982e+00
-1.677426349523602056e+01,-7.252669166620663077e+00
-1.273196494401940626e+01,3.355752874019390042e+00
1.508404464117549892e+01,6.589016077506194335e+00
-1.276306491778719199e+01,3.670609262459557876e+00
-5.236903322819464357e+00,9.098193577182000169e+00
-1.542953499788847260e+01,-1.026695371826876801e+01
-1.498393324262757531e+01,-7.342917546252467176e+00
-1.403598287467458405e+01,4.399978033678754841e+00
1.537479006000425663e+01,1.020964061585817895e+01
-1.457982567145856301e+01,-7.653847657281230177e+00
-4.362112016865705044e+00,8.095485819919256087e+00
-3.451318472900778644e+00,-5.139085423808790409e+00
1.481338500346487308e+01,9.191464470695910549e+00
-2.652460274430213705e+00,-4.985746552954873678e+00
-1.515329812438603163e+01,-8.641871178280574384e+00
-1.875751009756041476e+00,-4.205947762880164476e+00
-1.723295937090011165e+00,-5.746851774592840023e+00
-6.172892748075275549e+00,8.638035088679998807e+00
1.532584232069231334e+01,7.772448308206990397e+00
-7.366285563532561476e+00,9.224187894512581920e+00
-2.440863838150172160e+00,-5.362214685654412172e+00
-2.126253045219733906e+00,-3.194217072861773588e+00
-1.628134333781002141e+01,-1.017499437280091890e+01
1.368358215227798169e+01,8.279763877896188617e+00
-6.951022958697299359e+00,7.487236065078381131e+00
-5.475197962845037125e+00,7.872040090314690985e+00
1.438376687123795605e+01,9.284793569640621413e+00
-1.356856144044300372e+01,4.557678449652492247e+00
-1.693373720877175970e+01,-9.604992859221535895e+00
1.620798628077788450e+01,9.523714967570771961e+00
-4.210185901441860779e+00,7.565273321600299639e+00
-1.375532837905598527e+01,4.405155110095507531e+00
-3.156970983068423831e+00,-3.236984913878069747e+00
-1.888388538446560849e+00,-4.536782308668403374e+00
2.512783951375006097e-01,-5.046510486575408017e+00
-2.283327746682270121e+00,-4.914911274502592242e+00
-5.109544592886604342e+00,9.334911466143784864e+00
-1.447025278553352479e+01,4.298179634928825266e+00
-5.648359787007943389e+00,7.933701017908966868e+00
-1.369188039473644025e+01,4.323993390304935680e+00
-2.702363387117235227e+00,-4.816718237846115969e+00
-1.819943847936629444e+00,-4.599559370904873212e+00
1.459734060219087759e+01,8.781868842257027907e+00
-1.622323778264269123e+01,-9.374507672708611850e+00
-1.886164498496257735e+01,-8.634521836449081889e+00
1.484297970130158006e+01,8.792440662194531242e+00
-1.237659609013202378e+01,-9.436314310077818845e+00
-1.389867849816499934e+01,4.318492690957485891e+00
-1.399755571459642356e+00,-4.060897578850477529e+00
-1.507345348800323670e+00,-6.263456167934204899e+00
-1.885192434813454776e+00,-5.250503956812163864e+00
-1.940248807709917855e+01,-8.922520372591689508e+00
1.343983184303406375e+01,7.529073504881660384e+00
-1.363139309617967676e+01,3.497759412408263380e+00
1.600455328538168942e+01,9.179551803603573035e+00
-6.757467985374277397e+00,8.153701917715649117e+00
1.639087908798734716e+01,7.636956548600510430e+00
-1.337982408697389758e+01,4.534930006266391089e+00
-1.920236105349638844e+00,-3.742112990216456936e+00
-1.669212207637850298e+01,-7.649306453790245541e+00
-6.043213143396742204e+00,8.992553994928778494e+00
-1.446754000270615181e+00,-4.891168989153940494e+00
-5.978512924541010243e+00,8.523006955644115479e+00
-5.667217864402959826e+00,8.063467103414238224e+00
-4.307180779402694171e+00,8.363195937999485352e+00
-1.828892075734994016e+00,-3.721765360156204849e+00
-5.846895008929589466e+00,8.114977758687389908e+00
1.565703694763764275e+01,7.163113689189450461e+00
-3.145808030734987604e+00,-6.191949602889748050e+00
-1.171557211929060571e+01,4.117743915221501183e+00
-5.987035214630495261e+00,8.899326498724043688e+00
-6.899876815366364546e+00,8.724023769680220752e+00
1.368101075921532228e+01,1.051223859951555539e+01
-1.580464395787137732e+01,-8.051248915993493682e+00
-1.317311988560558511e+01,4.743395150703755725e+00
-2.373232635676381541e+00,-6.237659270359008801e+00
-1.601678085153757536e+01,-7.549422512177543787e+00
-6.557450414185022503e+00,9.336518163350401522e+00
-1.844546754826382529e+00,-5.181247899801939560e+00
-6.248579263510992909e+00,8.348793201164086852e+00
-5.482382443454232757e+00,8.377104346773922572e+00
-4.788226514602557771e+00,7.896522848987138410e+00
1.668769691072154515e+01,8.445081071743050671e+00
-6.733594962816055407e+00,9.615703215158267980e+00
-9.190657333508478466e-01,-6.485845210104214331e+00
-6.079357556956857422e+00,1.022105329255530037e+01
-5.751650157290754350e+00,9.013668463025330979e+00
-1.562983452067535417e+01,-9.230358079953079553e+00
-1.410023830538918510e+01,3.681116357139357476e+00
-4.520490668845326354e+00,-4.784573292791595378e+00
-1.397540115594260968e+01,4.439046756671873872e+00
-7.036517500565281580e+00,9.215328947043223806e+00
1.549106519452372410e+01,9.555916624386107117e+00
-1.418906909480177525e+01,4.485725619792825469e+00
-4.999003644884602693e+00,9.297248724445866586e+00
-1.697823416707834809e+01,-9.112395517451467697e+00
-1.402628671886048117e+01,4.124627217460061779e+00
-4.947077261946410509e+00,7.337454376600238248e+00
-1.533729872057698707e+01,-8.480771782517138035e+00
-1.486876649900336211e+01,-8.040594751077685842e+00
-2.073716764868724471e+00,-6.760538781464840774e+00
-2.357455127065356759e+00,-3.079266398938286464e+00
1.507061791606552426e+01,7.894519070109336845e+00
1.667806001573784158e+01,9.981488281776224269e+00
-8.653113993061092302e-01,-4.140167250614146255e+00
-1.622677160161967791e+01,-6.327422491614333566e+00
1.701602010950237442e+01,9.722484007267706119e+00
-1.578679900983044071e+01,-7.495774236982317262e+00
-1.386367248165470833e+01,3.281087047063956597e+00
-1.252413721243330391e+00,-4.993641866003071250e+00
1.489917692421636453e+01,1.069525893671772643e+01
1.465236373908551570e+01,7.277462572472170876e+00
-1.361796715071144881e+01,3.055213438283358229e+00
-1.300044666762738110e+01,-9.953726776780031926e+00
-1.658330253097643370e+00,-6.418436592722024159e+00
-1.657212663072548153e+01,-6.918382695621416723e+00
-1.364626878023170953e+01,3.146917342085010283e+00
-1.275213822543806863e+01,4.401206225405293715e+00
1.425186530381876970e+01,8.531066750243672558e+00
-1.718785017631477885e+01,-9.069622894186183615e+00
-2.591081802377626531e+00,-4.667987106453719726e+00
-5.013386283014858336e+00,-5.830546270794982888e+00
1.521384295220401839e+01,8.440747820915921906e+00
-5.911890537802448442e+00,7.994788456755933304e+00
-4.358040997244301273e+00,7.504635671255575957e+00
-1.655616949344889122e+01,-9.113409655673162746e+00
-1.317355376353880025e+01,5.205519630478736559e+00
-1.524019617337477683e+01,-5.703331191661334287e+00
-1.681063438714597424e+01,-8.246047317711376223e+00
-6.366913338328388683e+00,8.329656017256159117e+00
-7.084521074328378631e+00,9.034451723708368576e+00
-3.189035788534396065e+00,-3.993204927582868269e+00
-4.328039340521272926e+00,8.123998125153104155e+00
-5.270671437883321708e+00,8.858212201807459607e+00
-6.361118163668551873e+00,8.553817461073437656e+00
-1.507403004033337801e+01,-9.773735798361830263e+00
-5.435475370623453983e+00,8.677335645022971278e+00
1.575558581556141569e+01,9.122565724403967735e+00
-1.372037988007736686e+01,4.100984861842228213e+00
-1.720491322269677825e+00,-4.882255290089011268e+00
1.715120318093785201e+01,6.823187901821949453e+00
-5.997728688814476072e+00,8.322386116977801507e+00
-2.344835948018967553e+00,-4.605214206938345711e+00
-1.734300305302349088e+01,-7.973288180477624110e+00
-6.280122203138589931e+00,7.422451678769594885e+00
-1.601350464658094097e+01,-8.948977338435987861e+00
-1.668940794163944830e+01,-1.082979341904529669e+01
-1.335835620315487660e+01,3.675609175947514906e+00
-6.769929809068275794e+00,8.701676068752977500e+00
-1.580252398161553984e+01,-1.024519004220236873e+01
-1.382536299643945021e+01,3.932510194351755306e+00
1.465330235854450436e+01,7.894574386626302065e+00
1.541551207150605229e+01,8.657604257514950774e+00
1.581657560513053085e+01,1.004645841111732985e+01
-2.566271792193627999e+00,-4.632222661277832110e+00
-6.689581855506070873e+00,8.792716510509617223e+00
-2.769101297270511797e+00,-3.782360016741935116e+00
-1.338583430998953361e+01,3.560005341816691704e+00
-5.190902250009808760e+00,7.273886031310152767e+00
-2.289387682452515893e+00,-2.828473373421361625e+00
-1.618610797349266761e+01,-9.482814467751058629e+00
-3.946376600196333406e+00,7.310356755390710504e+00
-5.458872649529240562e+00,8.743696263613458086e+00
1.386675898479785474e+01,9.441685646613791505e+00
-6.235615172454609834e+00,8.445923580728244673e+00
-1.165061296088845122e+00,-6.501299154657927737e+00
1.350373919108730192e+01,7.091312580329599768e+00
1.556730963376787713e+01,8.651990645470545971e+00
-1.708647591832598422e+01,-9.308281255052223813e+00
-1.356147778900682255e+01,4.833675623896214191e+00
-5.974655015584916740e+00,7.868668911935650101e+00
-1.356467365810540038e+01,3.623229684127208472e+00
-1.326664007986138394e+01,3.523938434233264250e+00
-6.431845730706926556e-01,-5.613625444073221615e+00
-1.345125943993298812e+01,4.863915978081183589e+00
-1.407708576258745659e+01,4.081209817421400210e+00
-6.047089356302494778e+00,8.827093357025198372e+00
1.542370144438604562e+01,1.051562084854387713e+01
-3.438846013432653503e+00,-4.063983328475453405e+00
-1.347839235211844944e+01,3.915994749842799383e+00
1.352616323844777746e+01,7.868330780742834207e+00
-1.537721563348836007e+01,-8.541106745101410880e+00
-1.647809124836233252e+01,-9.798141526618682207e+00
1.589944221740360142e+01,9.393323690781464563e+00
1.558034644756718023e+01,7.213835495000120446e+00
-1.462598206630263409e+00,-3.569938116031088349e+00
-1.394788787317364509e+01,4.695216858914541547e+00
1.454421952919081207e+01,8.680399556880571410e+00
5.698638571696701405e-02,-2.526146666564981214e+00
-2.184118032967620859e+00,-5.908101024731434947e+00
1.546540103345173200e+01,9.639613106152021160e+00
-1.528745147405024873e+01,-7.893831209958875661e+00
-1.590258964500810102e+01,-1.024697136889104598e+01
-1.375554247925885321e+01,3.689668294493146927e+00
-1.392855332734710849e+01,4.674305120630838140e+00
-1.601873074058348578e+01,-7.482235874111545115e+00
-2.594775179366049844e+00,-4.982046457210252299e+00
-1.379528128915790397e+01,-9.445909029366235998e+00
-1.266707322789379830e+01,4.812724822622679532e+00
1.471285711751593617e+01,1.079055567863409415e+01
-1.292814816093173036e+01,-7.638764274892437811e+00
-1.374306672636807036e+01,5.019685399238941415e+00
-5.594802942495123332e+00,8.525163113874791421e+00
-6.691918734350631226e+00,8.831529246802748645e+00
-1.384182649225932149e+00,-2.689998019713992772e+00
-1.450351871660372538e+01,4.339468766605483196e+00
-5.042163947673119040e+00,7.186146343928791147e+00
-3.435586813164643871e+00,-3.443204418070398454e+00
-5.952578598338631011e+00,7.629016686201591568e+00
-5.929707062561221598e+00,7.781964557183990827e+00
-1.276670251962406244e+00,-4.825617112777695006e+00
-1.698897356839075456e+01,-1.078648649015462979e+01
-2.453044090829278101e+00,-2.897496352985863499e+00
-1.305274495288497327e+01,3.800242101034704056e+00
-9.068451193953568357e-01,-1.646840248991550570e+00
1.406741967143450012e+01,9.361576257896150111e+00
1.527142933568276284e+01,9.110986848196199972e+00
-1.526258464113254654e+01,-9.147860748602855807e+00
-1.345139915069406022e+01,3.874329609634146188e+00
1.626919800335576483e+01,8.967459835543646562e+00
-1.298220929840351445e+01,5.100442165171981124e+00
-1.342476037044249715e+01,4.608687968263680546e+00
-1.975401897267872853e+00,-3.569184109628837476e+00
1.687135205633098067e+01,8.414923304562359263e+00
1.427968039467812744e+01,9.322418068231938193e+00
-2.311299622095827289e+00,-4.910945940697540202e+00
-6.146176052811759050e+00,1.000940681696184420e+01
-1.367579688213654876e+01,3.736609280418524470e+00
-2.157624096356319132e+00,-6.164182076854748615e+00
-1.748603011191790202e+01,-9.114127465737114520e+00
-1.338006149136685785e+01,3.840921597245951613e+00
1.600478775705845536e+01,8.392400720853679275e+00
-1.411031275218596015e+01,4.228334573225454918e+00
-6.165431118910829511e+00,7.831875959305070189e+00
-1.863046596125434107e+01,-1.044987624435054308e+01
-1.372578937914045838e+01,4.155389576309128863e+00
-1.305883059071370589e+01,4.623357106587069332e+00
-2.659732743388105725e+00,-4.803971384570010272e+00
-1.425166039729871237e+01,3.793562609819260967e+00
-4.832810398928773843e+00,8.522047925246456046e+00
-1.391736395498481649e+01,3.816231209504225674e+00
-5.507801193292957365e+00,8.775178637874132548e+00
-1.960864028558225725e+00,-6.187122966381680023e+00
-2.989818923465479727e+00,-4.523178933838133631e+00
-1.517840891221050370e+01,-8.354417209022708235e+00
-5.135284915433206088e+00,7.874123595774265461e+00
-2.337961996507578188e+00,-3.429755924929332789e+00
-1.672519442820959057e+01,-9.163991278355613446e+00
-1.400068381218683555e+01,4.849912924245193935e+00
-1.527959396652719271e+01,-8.834606351691734361e+00
-1.296680628351854203e+01,4.402618816530424084e+00
-1.365845978480457212e+01,-8.915776762127453736e+00
-5.217203390160734422e+00,7.872946501150270393e+00
1.647031734340220410e+01,8.193119126271790620e+00
1.621184018524166959e+01,9.839268575013472073e+00
-2.577274664550664340e+00,-4.349241817328426407e+00
1.609732289159485674e+01,8.043002412114438116e+00
1.585766455039948752e+01,8.824436401244597050e+00
1.620947929022650769e+01,1.069847158133668508e+01
-5.959891267851118002e+00,8.592820904783330604e+00
-1.336567140615874116e+01,4.400399023111846830e+00
-2.654936890421448759e+00,-4.222224347427362190e+00
-5.468026093019339839e+00,9.877423551657804168e+00
-1.357875810032311215e+01,3.857563933265575784e+00
-4.602387402413910422e+00,8.404694903721924959e+00
-1.442368438760494342e+01,-9.173353577184888863e+00
-1.411719357783253770e+01,3.486848556453249870e+00
-1.829561293511254405e+01,-8.355126251048764274e+00
-1.405467914576061439e+01,-7.791869517011428492e+00
-5.342105377091804996e+00,8.888598750364677059e+00
-6.157001109241860171e+00,7.813696137833112232e+00
-1.481500521562985639e+01,-9.159556807572050374e+00
-2.734631408787355777e+00,-4.217089410208962441e+00
-4.640501107103211176e+00,9.845241890346386526e+00
-4.273149066705388854e+00,7.898541317378859006e+00
-2.787660074343171424e+00,-4.634520026599225240e+00
-1.631924590416009124e+01,-9.697269643790178861e+00
-1.258888980872363561e+01,4.119761259399265185e+00
-1.332275560953426030e+00,-4.809206564601462119e+00
-1.256728956638244910e+01,4.089287284325302529e+00
1.409048976003251852e+01,9.530813712344201605e+00
1.525516859874628572e+01,8.436209086192285156e+00
-6.003460882704245716e-01,-2.507215915865166345e+00
-1.338434577287950056e+01,3.339720138114676828e+00
-1.450597198025952572e+01,3.856426043136795379e+00
-1.725781727648139352e+01,-7.382784459092696316e+00
-1.334577449004504146e+01,4.719475279580829685e+00
-5.269153275083644061e+00,9.041829109785028962e+00
-1.445103077160211846e+01,-8.424674669513491310e+00
-1.425614978529732113e+01,4.042405936682203382e+00
-3.800173027323548780e+00,-5.543414110898996938e+00
-1.266072483807315763e+01,4.350914704184552839e+00
-1.341855606797022027e+01,4.574424104916327671e+00
-1.405019594406095607e+01,3.858628374569188058e+00
-4.955605889436283995e+00,9.167503359190774859e+00
-4.464146727500243550e+00,8.787856176334081226e+00
-1.747703976516895708e+01,-7.190888496723581547e+00
-1.254376892599310800e+01,4.491393270274232741e+00
-1.324410733860742440e+01,4.231165894160100471e+00
-1.241453915566772093e+00,-3.524729370646602966e+00
-2.563843639705817523e+00,-4.953816200337422870e+00
1.564530617769527332e+01,9.987592990687602423e+00
1.558912732554291836e+01,1.031717632764264891e+01
-1.339975974189497698e+01,4.513161656237372199e+00
-4.654945360810308408e+00,9.310896492051313089e+00
1.360175704897186577e+01,1.011411302277053359e+01
1.484089661800447502e+01,8.305780708168210680e+00
-1.536385768605297919e+01,-7.471957929708330504e+00
-7.584515414868713279e-01,-5.498282043171505151e+00
-1.343531309560950326e+01,2.083239019767709088e+00
-1.581903283690586726e+01,-9.179065944413929756e+00
1.531441577302148893e+01,8.634735934022835124e+00
1.658284452116666685e+01,7.812088041548363115e+00
-2.176906224665303924e+00,-5.006507811516383022e+00
-1.545991290477529212e+01,-9.338837369127928056e+00
-6.405079624284622852e+00,8.015838975961331769e+00
-5.426921773584593822e+00,8.003917827276813668e+00
-6.601414392731206782e+00,9.064515719449092401e+00
-1.328304886296927201e+01,4.371902263739733563e+00
-5.394776362046711071e+00,7.031608861634470742e+00
-4.872890675394936366e+00,7.870871893784553208e+00
-1.644548974580323630e+01,-7.969301085681866681e+00
-1.108702496160119733e+00,-4.187684719603440797e+00
-2.948274014803761833e+00,-2.861346820667642454e+00
-1.582464812591039305e+01,-8.322910596430007857e+00
1.546308524538592089e+01,9.652614742276371729e+00
-1.545344189410536195e+01,-1.014830925746279000e+01
-1.188458902682390850e+00,-4.545486988503681935e+00
-2.221704634381946875e-01,-5.587059770874022391e+00
-5.644885311608586420e+00,7.932067972560529867e+00
1.683676394166433710e+01,7.718136037143139561e+00
1.472392028404810738e+01,1.061032024376808991e+01
-1.496318033716087825e+01,-9.395429074553891979e+00
-5.033962586036141218e+00,8.156330548762534605e+00
1.445558523384498528e+01,9.291559418312184349e+00
-1.177679846629485327e+00,-5.004494609571816355e+00
-1.499663052774534044e+01,-8.046173344135874927e+00
-1.539575589697287050e+01,-7.567932713458310978e+00
1.637418824509477489e+01,7.278419681361934401e+00
-1.664455703075394055e+01,-7.042574290785864832e+00
-1.367791648056991605e+01,4.442167569581804365e+00
-1.307420480642534777e+01,4.868398681547887463e+00
-5.412857068499364210e+00,9.765596348229196977e+00
-1.623808966807088439e+01,-9.310707210012321156e+00
-1.148654036629911612e+00,-6.087038783128203789e+00
-1.334040155952975937e+01,4.450256098247254322e+00
-2.188544497049181636e+00,-4.829896574442432033e+00
1.450937310648190426e+01,7.445747723602375245e+00
-5.449313003014999879e+00,6.149135569030459436e+00
-1.665106945360775725e+01,-8.036182912326502503e+00
1.407448739611889543e+01,8.956816449557569726e+00
1.516515314812817650e+01,8.826453315437877478e+00
-4.828093178417451448e+00,9.618621817735235169e+00
1.622056389022532841e+01,9.204567011993477266e+00
-1.342273799580032367e+01,4.431209926334756410e+00
-5.819045512556526134e+00,8.297699219876786714e+00
1.639394076120716548e+01,7.823139796007932745e+00
-5.493616311582586675e+00,8.645625885901461416e+00
1.431105532548628645e+01,9.611156720181112334e+00
-6.019138911756624744e+00,8.889343492374946365e+00
1.623303017798588499e+01,8.628687799949675608e+00
-2.171479019670327304e+00,-4.948801202589146797e+00
-1.621310502135735732e+01,-7.919282923082614722e+00
-1.414504387556248588e+01,4.102156646496760928e+00
-1.377083940558819641e+01,-8.489866924744317700e+00
1.393806153635753553e+01,7.998903359020350656e+00
1.342277230709436786e+01,9.399126698718141881e+00
-1.518262027854005680e+01,-7.938756535484755794e+00
-1.316926442913171513e+01,-9.443620606613839286e+00
-1.396197119614910598e+01,-8.388168086237635990e+00
-1.481476958577122804e+00,-2.932664970912284730e+00
1.447701718187735942e+01,8.278456199338313226e+00
-1.872664288938866406e+01,-8.974249444873038328e+00
-1.499750018207762814e+01,-9.135314028517880658e+00
-1.355734127145883328e+01,3.830398200306324608e+00
-1.371242281119565654e+01,3.559981733970966289e+00
-6.530665888610635683e+00,7.820942487727610803e+00
-2.986926811886678301e+00,-4.027851840919404403e+00
1.571589635579177546e+01,8.045018834749980030e+00
-3.073516210448571151e+00,-5.166841019689748293e+00
1.548781365167609536e+01,8.716385070403294577e+00
-8.026307755035964053e-01,-4.906279964382262548e+00
-1.362976397762850134e+01,4.099249646682646464e+00
1.468797520177075455e+01,8.972036095921060550e+00
-1.780433161396094732e+01,-7.346164171096634554e+00
-2.143394629612320301e+00,-4.366260341216124274e+00
-1.428511729569750699e+01,-7.245185492612272071e+00
1.579581162120693527e+01,1.106184006294528821e+01
-4.808193199647701199e+00,9.398114781067290480e+00
-1.588281827851495009e+01,-7.741718662120049999e+00
-1.841623143100892701e+00,-3.344922433788820371e+00
-1.854166481066956251e+01,-9.221041270122169564e+00
-1.610061033686961807e+01,-7.211749782926686336e+00
-1.373193782180407219e+01,3.562586808453504617e+00
-5.962853632379229829e+00,7.643847761563803189e+00
-1.351846073284123761e+01,4.297151319038808204e+00
-1.420176906824266361e+01,4.146132762046117470e+00
-1.578546113807741946e+01,-8.450778707892132147e+00
-3.269383861666476321e+00,-4.437840704628310817e+00
-5.927913026461568702e-01,-6.495748826312324198e+00
-6.410592971242693672e+00,8.170316388858173795e+00
-4.416351434683424948e+00,8.830696314942588998e+00
-1.660676199822729160e+01,-8.322897051570132376e+00
1.436385005327258035e+01,8.293989139754545548e+00
1.476455467425445711e+01,9.111609321366227476e+00
1.507019409739024063e+01,1.010677344856852322e+01
-1.546507495213872296e+01,-9.516709856146215785e+00
-1.342474094354154168e+01,3.918736069192258142e+00
1.627804505801087842e+01,8.578036680334786723e+00
1.435544723545464940e+01,8.051332832531153727e+00
-1.638341617737724931e+01,-8.373973743790269708e+00
-1.363701432781245870e+01,4.172991977202753944e+00
-5.920921978591445090e+00,7.227186010967415086e+00
1.399592111276501072e+01,9.731074939861279915e+00
-1.676640402651049300e+01,-1.076280732427546383e+01
1.497301710550655685e+01,8.068537899397565383e+00
-1.311283668185835616e+01,3.903265413410363038e+00
1.621962261185077381e+01,8.470137849941878017e+00
1.713139958835293086e+01,8.038208979290455858e+00
-1.342013073764786846e+01,3.816555663076425464e+00
-1.315530077108508067e+01,4.065067546947598309e+00
-1.612917456918496129e+01,-7.805077800589515391e+00
-1.806491520864804912e+00,-5.751564197225492059e+00
-1.597249156209051435e+01,-1.007911031748978026e+01
-5.644431205795877204e+00,7.352221099979394658e+00
1.354315015764875874e+01,8.980308724206279791e+00
-2.317025960217588665e+00,-5.988332677711599494e+00
-1.847899124996163778e+01,-8.994077885306481335e+00
-1.404422591952014088e+01,4.260426513117050895e+00
1.511988495854562053e+01,8.552667821250398816e+00
-1.523507970648924825e+01,-9.283840217931265570e+00
-1.110916116943203136e+00,-5.665243667282834572e+00
-1.320536610241971509e+01,4.962876329818082688e+00
-1.664494601632693360e+00,-4.159836380522220267e+00
1.528142332569070128e+01,9.340978579700140116e+00
-1.319740698726436712e+01,4.455502333150744398e+00
-1.992321624322089590e+00,-5.057249729506245295e+00
1.496351016191236916e+01,9.209477589108590934e+00
-1.672231944161691786e+01,-7.423864486408358943e+00
-1.345976048247892898e+01,4.237804432677990896e+00
-6.857159927486745410e+00,7.222356223973387834e+00
-1.639088049979190487e+01,-7.434413727040805497e+00
-1.281497471863812976e+01,4.734255910185089178e+00
1.540912572073868070e+01,8.207780756695736812e+00
-4.704526694428682987e+00,8.340930915770222498e+00
-1.293492269322455179e+01,3.318749283685201501e+00
-1.677519593319894042e+01,-7.327905913502780422e+00
1.719358737396508729e+01,8.782670248560190629e+00
-1.322773318301920753e+01,3.131633970293044023e+00
-1.298416537477499411e+01,3.730819448605767974e+00
1.551856723164898710e+01,8.970717463496448829e+00
-7.166165470571184137e+00,8.015979635176625706e+00
-1.348952998029476547e+01,3.763472996524313885e+00
-1.611321442720565145e+01,-8.605151529514278863e+00
-1.299174988066458702e+01,3.050446894522100383e+00
-1.724928347554222441e+01,-6.910500526535805932e+00
-6.160575727713689886e+00,7.697310815627959713e+00
-2.200970035227519883e+00,-5.817357177999928908e+00
1.543781092890224649e+01,8.073181252951599163e+00
-5.102491292655749078e+00,8.723743130926818523e+00
-3.112478498762685675e+00,-3.863986062360906359e+00
-1.480198599862300135e+01,-9.174671019945826345e+00
1.623172606785160355e+01,8.683152509520873252e+00
-1.708588183844864261e+01,-8.824619596864401672e+00
1.698644731581070033e+01,8.703720353977844937e+00
-2.151708969479569244e+00,-5.689992144896856452e+00
-6.725534740596994965e+00,7.453903077932023891e+00
-2.114630544359361153e+00,-6.025465998999282036e+00
1.551642281264689416e+01,8.165262911792385836e+00
-6.007291582896230331e+00,8.807165819828654207e+00
-3.308096566276853778e+00,-4.240264969934389505e+00
-5.531259002184568452e+00,8.079493065005616259e+00
-1.531067012183542175e+01,-7.307228928004418478e+00
-1.291661683983476117e+01,3.923947247154851325e+00
-1.773341297246419535e+00,-4.044439908042228637e+00
-6.256456530459599819e+00,9.521190665542503595e+00
1.462673962927811111e+01,8.321842849769764072e+00
-1.562208504570166845e+01,-6.338067077623337653e+00
-1.534128423717388223e+01,-6.380538170038377643e+00
-6.926744057418690481e+00,7.581458705062718018e+00
-1.812371880496815280e+01,-1.166865500704087921e+01
-2.738195693325468749e+00,-4.421026341987745134e+00
-1.431455144258679901e+01,4.554747054188628574e+00
-1.524353934451690762e+01,-9.934682639776873714e+00
1.516552858803906467e+01,9.347743505243489182e+00
-1.518474450083752103e+01,-7.875091546829314559e+00
-1.886473506441493697e+00,-4.766968709006596860e+00
-1.294575327028061373e+01,3.550900462815343328e+00
-1.320862837412222923e+01,3.587338729737369114e+00
-5.018414184933672750e+00,6.346341300627839743e+00
-1.652754438984398533e+01,-7.622127327981508493e+00
-1.604114162835077906e+01,-1.013472182738936667e+01
-1.292134222681245781e+01,3.921524123426598507e+00
-1.661394438148816732e+01,-8.278514782883350520e+00
-4.528908760788258547e+00,8.431865477394678621e+00
-1.331165370939090842e+01,3.835029550312714086e+00
-2.502621032402745360e+00,-3.898324726697753650e+00
-5.064333165710579010e+00,7.935656319064631425e+00
1.749249236412733310e+01,9.598072959723355169e+00
-3.270757937153494943e+00,-4.932724268797035627e+00
-5.464439721096162828e+00,8.226881226624701782e+00
-2.738107461903435791e+00,-3.779408031502458520e+00
-6.113586512705572851e+00,8.588984652278762510e+00
-4.915965541039176934e+00,7.403328775912853210e+00
-1.339934261365135626e+01,4.559399531262956273e+00
1.567275083167200478e+01,7.853539057065808571e+00
1.663252106641249384e+01,9.986770455004929659e+00
-7.640317794207913682e-01,-4.162815988612899254e+00
-1.520889752325941924e+00,-4.693344070135826662e+00
-1.618227165131006284e+00,-4.539042048706585675e+00
-4.020281226297035104e+00,-5.649061171566637007e+00
-5.345460821456792466e+00,7.956001309916402420e+00
1.659686394685610722e+01,9.105082179116880781e+00
-1.545090845981293803e+01,-8.569848857958563215e+00
-1.684469051328541633e+00,-5.410665078872437306e+00
-3.050142092800030902e+00,-5.342850778372624454e+00
-6.039716619607291115e+00,9.197615792934534795e+00
-6.917108847968829188e+00,9.185747392311762738e+00
-2.878580076367791118e+00,-5.999616534302830928e+00
-2.956421763019703164e+00,-4.058607416531597956e+00
-1.558344237845736124e+01,-6.577664071872941776e+00
1.586796302962468097e+01,7.643022848455780505e+00
-3.280693478754256986e+00,-5.867242947123753716e+00
-1.642488124674935657e+00,-6.063056874084015391e+00
1.405518394177455299e+01,8.166389043919808799e+00
-1.409952932046417651e+01,3.603651795903713317e+00
-3.436279142613686943e+00,-4.753845795779393590e+00
-1.630823492971607180e+01,-9.199924481898921869e+00
1.591311693472236932e+01,8.338482108896402067e+00
1.539778341160028852e+01,7.572794647828301251e+00
1.670022792470769346e+01,7.709843929453908729e+00
1.502045903904651603e+01,6.338287831365963854e+00
-5.680336976233407498e+00,7.839620777159228560e+00
-1.787388030413715612e+01,-6.859249835567339915e+00
-1.418739940135925748e+00,-5.053088846805971812e+00
-1.396260326695725240e+01,3.590729352858410550e+00
-3.970125853097500102e+00,-4.463383337395882222e+00
-1.302815204611995625e+00,-6.859589110355569730e+00
-6.871639235962365255e+00,9.140207158967832868e+00
-2.963452086808426866e+00,-5.056190098961436341e+00
-2.107717492772085865e+00,-3.729172337109266877e+00
-1.389073693425873834e+01,3.822960816398657258e+00
-5.679932735043854208e+00,8.133389050660779773e+00
-3.078895697223806405e+00,-6.163912640541670207e+00
1.477879012723291652e+01,9.149203208962632061e+00
-6.401248968274257933e+00,9.091950426669448859e+00
-1.510721334909122504e+01,-9.217335621189278072e+00
1.401883608323161390e+01,9.250192616067174356e+00
-3.670874847049735656e+00,-3.142229421707285475e+00
-5.969980503856832321e+00,7.656393350624082217e+00
-1.897322003126226786e+00,-3.730503845113060990e+00
-6.366306583492369775e+00,8.247816170965061033e+00
-1.331149408158667313e+01,4.674815479948769337e+00
-2.006981027422896968e+00,-3.728807599541724915e+00
-4.444451565577029584e+00,6.925342639668693678e+00
-1.654941264700065062e+01,-8.491498728419990982e+00
-1.559355403931566464e+01,-7.894988734467518476e+00
-1.614365377936293910e+01,-8.656706247927633768e+00
-5.354708129024898788e+00,9.751394224683046730e+00
1.434772042063614705e+01,8.474840062576276978e+00
-1.923347515847936950e+00,-5.124612416679956262e+00
-1.381123589025719944e+01,3.747091191904454721e+00
1.655272105677225625e+01,8.710182699174040977e+00
1.509231699215893308e+01,9.698577200338540649e+00
-1.597819035527713893e+01,-7.821602416169679550e+00
1.530520066163271764e+01,9.412127512460177314e+00
-2.702826242817304880e+00,-4.359824199354961571e+00
1.539380255694101152e+01,1.052808980768715053e+01
-1.403219004253901581e+01,3.944019590540430720e+00
-6.403714510136889082e+00,8.141925578626233673e+00
-5.666093489943922812e+00,8.340725537636476616e+00
-1.627009422435707720e+01,-8.097099113580402019e+00
-6.780266866864153030e+00,7.885534310691720172e+00
-5.633000341799035304e+00,7.858401912545970980e+00
1.527511168199302283e+01,1.052559048263709229e+01
-1.463275961228836586e+01,-1.026723318890490688e+01
-1.321485673792360238e+01,3.847077120218119095e+00
-1.585588112308889031e+01,-9.476039335970686039e+00
-1.384304102441755369e+01,4.636177627697400716e+00
-1.374349068762273518e+01,4.286356759974586872e+00
-1.311140515424146535e+01,4.284154827533688703e+00
-6.690973237518092809e+00,7.893122062577000442e+00
1.526408422441450341e+01,8.067004673378098900e+00
-1.310167878858689683e+00,-5.395273460550521705e+00
-4.486711195119891471e+00,7.562343404926927803e+00
-5.799841366631614648e+00,9.874372101874678620e+00
-1.799604125778231989e+01,-5.712531541800641932e+00
-1.415989604583671735e+01,-9.726685765994208310e+00
-1.336617017344139136e+01,4.201181017123743366e+00
-1.492903978252117625e+00,-2.719746840630848261e+00
-1.702416860479016592e+01,-1.173647842326779056e+01
1.462784401952846203e+01,8.621331270685429260e+00
-1.290007436342830083e+01,3.237544974575193635e+00
-7.020314008349157753e-01,-4.496348102797438351e+00
1.623127955939624201e+01,9.576584149649711719e+00
1.690740073752482076e+01,9.763664126028656298e+00
-1.361940832234026466e+01,4.108354719042592862e+00
-5.259972827966188369e+00,7.290277107765924747e+00
-1.311625033125097772e+01,4.056355447862387997e+00
-5.584883228018565404e+00,8.419434015271137994e+00
-5.693347947064162362e+00,8.201478621073945874e+00
1.626814124254077498e+01,9.213991092111292858e+00
-1.645944989553947835e+01,-7.707872456428638941e+00
-1.347398284165035598e+01,3.492020123279072408e+00
-1.495611023813890483e+01,-8.881166056240028084e+00
-2.352129185476505846e+00,-5.723929339880134748e+00
1.301553511526557827e+01,7.460091041587403105e+00
-1.419353230417368650e+01,-8.230524312537630394e+00
-2.987907204306661679e+00,-4.199473652621426467e+00
-1.600326118976256140e+01,-8.397452180736170391e+00
-1.284484851573670383e+01,3.839666835800930045e+00
-1.711334630513790955e+01,-9.226338351205967570e+00
1.524280116253991402e+01,8.042296832676008478e+00
-1.352345818537384226e+01,3.087129251054086421e+00
-1.569882434078530009e+00,-6.241210979568031725e+00
-1.309977009223906919e+01,3.221836636270261955e+00
-2.496452801551192202e-01,-3.180827811958748974e+00
-1.719601213810060258e+01,-1.254498487069922419e+01
-1.349504674355549660e+01,3.511522872636153814e+00
-1.395318791371874312e+01,4.831199024215848681e+00
-2.291312833762141121e+00,-3.991189243081228355e+00
-6.001558927266539278e+00,8.202755343435654822e+00
1.532823021269904729e+01,9.126805602812302354e+00
-3.350980024081596120e+00,-4.335637706157196014e+00
-2.264681656161992684e+00,-5.608219674360161555e+00
-3.001041757008485966e+00,-5.360404072724891833e+00
-2.308896780906208868e+00,-6.023848558463086533e+00
-1.437787689560808957e+01,4.174193269194534039e+00
-1.420470654099367280e+01,3.833558872628883840e+00
-1.385290814219784039e+01,3.850232992726151160e+00
-1.306851979049843848e+01,4.312336105957026433e+00
1.580077407766728292e+01,7.534000918615321396e+00
-5.818931058736422912e+00,8.484229863371153257e+00
-2.447276952437828612e+00,-4.855844785146212317e+00
